GAMBLING AGE,SLOTS,TABLE GAMES,POKER TABLES,MIN BET,MAX BET,SMOKING,OPENING HOURS,Game_Slots,Game_Casino Poker,Game_Poker Cash and Poker Tournaments,Game_Roulette,Game_Blackjack,Game_Dice Games,Game_Lottery Games,Game_Other Games,Game_Sports Betting,Number of Rooms,Number of Suites,Price Range ($),Exclusive Deals,Amenities,Dining,Bars & Night Life,Attractions and Entertainment,Address,Contact,Website,Opened first,Casino Type,Size of the casino (sq/ft),Owner,casinoName,rating,description,address
21,1701,0,0,$0.01,$1000.00,Yes/No*,24/7*,Colossal Wizards| Li’lRed| Spartacus Gladiator of Rome| Forbidden Dragons| Queen of the Wild II| LazerLock Ice Sapphire,N/A,N/A,N/A,N/A,N/A,N/A,N/A,N/A,236,n/a,139 – 159,"Getaway Package: $100 dining credit at FIRE Steakhouse, $120 Spa Credit for services or retail, one night stay in Deluxe Accommodations, 2 Spa passes to enjoy amenities, complimentary valet parking.","Fitness,
Spa,
Swimming Pool,
Whirlpool,",Fire Steakhouse| Taste Buffet| Grill| Overtime Sports Bar| Spa Café| Grill Express| Yo Joe,Amphitheater at Wind Creek| Drink & Sound Lounge| Center Bar,Live Concerts| Theatres| Show Entertainment| Bowling| Cinema,"303 Poarch Rd
                        , Atmore
                        , 36502
                        , USA",(251) 368-8007,windcreek.com,06/01/2009,Indian Casino,57.000,Poarch Band of Creek Indians,Wind Creek Atmore,5.00,"Located within Alabama’s Escambia County, Wind Creek Atmore Casino is run by the Poarch Band of Creek Indians.","303 Poarch Rd
                    , Atmore
                    , 36502
                    , USA"
19+ to enter,600,N/A,N/A,$1,N/A,Yes/No*,24/7*,Colossal Wizards| Li’lRed| Spartacus Gladiator of Rome| Forbidden Dragons| Queen of the Wild II| LazerLock Ice Sapphire,N/A,N/A,N/A,N/A,N/A,Bingo,Electronic Bingo,N/A,,,,,,,,,"11295 US-231
                        , Cottonwood
                        , 36320
                        , USA",(334) 801-8138,www.thecrossingbigcreek.com,N/A,Commercial,N/A,Houston County Economic Development,Center Stage,4.80,Center Stage Bingo and Casino in Cottonwood AL is the only casino in the Alabama to .,"11295 US-231
                    , Cottonwood
                    , 36320
                    , USA"
21+ to bet with cash,2200,N/A,N/A,$0.01,$1000.00,Yes*,24/7*,Conga Party| Geckos Gone Wild| Monkey in The Bank| Quick Hit| So Hot| Lazer Lock Ice,N/A,N/A,N/A,N/A,N/A,N/A,N/A,N/A,123,N/A,109 - 799,"New Player Deal: sign up for Wind Creek Rewards and get an instant $10 food credit, + up to $1,000 in free Play","Barber Shop,
Beauty Salon,
Fitness Center,
Meeting & Event Space,",BB King’s Blue’s Club| Itta Bena| Lucille’s,BB King’s Blue’s Club,Live concerts| Show entertainment,"1801 Eddie L Tullis Rd
                        , Montgomery
                        , 36117
                        , USA",(334) 273-9003,windcreek.com,2009,Indian Casino,46.808,Poarch Band of Creek Indians,Wind Creek Montgomery,5.00,Wind Creek Casino in Montgomery AL offers a  for those who love to wager on a slot machine.,"1801 Eddie L Tullis Rd
                    , Montgomery
                    , 36117
                    , USA"
21+ to bet with cash,2520,N/A,N/A,$0.01,$1000.00,Yes*,24/7*,Colossal Wizards| Li’l Red| Spartacus Gladiator of Rome| Forbidden Dragons| Queen of the Wild II| Lazer Lock Ice Sapphire,N/A,N/A,N/A,N/A,N/A,N/A,N/A,N/A,283,N/A,109 - 499,"New Player Deal: sign up for Wind Creek Rewards and get an instant $10 food credit, + up to $1,000 in free Play","Fitness Center,
Shopping Mall,
Swimming Pool,",Fire Steakhouse| Buffet| Grill| Grill to go| Starbucks,Oasis Pool Bar| Center Bar,Live concerts| Show entertainment,"100 River Oaks Dr
                        , Wetumpka
                        , 36092
                        , USA",(334) 514-0469,windcreek.com,2013,Indian Casino,85.000,Poarch Band of Creek Indians,Wind Creek Wetumpka,5.00,"As a part of the Poarch Band of Creek Indian’s Casino empire in Alabama, Wind Creek Wetumpka Casino & Hotel in Wetumpka AL is the .","100 River Oaks Dr
                    , Wetumpka
                    , 36092
                    , USA"
